-- Seed data for development
-- Note: In production, users are created through auth.users trigger
-- These inserts are for the profiles table directly for dev/mock purposes

INSERT INTO profiles (id, email, full_name, role, phone, company_name, bio, verified, max_concurrent_services, apply_buffers_to_all, global_buffer_before_minutes, global_buffer_after_minutes) VALUES
  ('00000000-0000-0000-0000-000000000001', 'maria@example.com', 'María González', 'client', '+52-55-5555-0101', NULL, 'Organizadora de eventos sociales', false, 1, false, 0, 0),
  ('00000000-0000-0000-0000-000000000002', 'carlos@example.com', 'Carlos Rivera', 'provider', '+52-55-5555-0102', 'Catering Rivera', 'Más de 10 años de experiencia en catering para eventos', true, 1, false, 0, 0),
  ('00000000-0000-0000-0000-000000000003', 'admin@vivelo.com', 'Admin Vivelo', 'admin', '+52-55-5555-0100', 'Vivelo MX', 'Administrador de la plataforma', true, 1, false, 0, 0);

-- Services
INSERT INTO services (id, provider_id, title, description, category, status, base_price, price_unit, min_guests, max_guests, zones, images, avg_rating, review_count, view_count, buffer_before_minutes, buffer_after_minutes, sku, base_event_hours) VALUES
  ('10000000-0000-0000-0000-000000000001', '00000000-0000-0000-0000-000000000002', 'Buffet Mexicano Premium', 'Disfruta de un auténtico buffet mexicano con los mejores platos de la cocina tradicional. Incluye arroz, mole, carnitas, ensalada y más.', 'FOOD_DRINKS', 'active', 45.00, 'por persona', 20, 300, ARRAY['Ciudad de México', 'Estado de México', 'Puebla'], ARRAY['/placeholder-food-1.jpg', '/placeholder-food-2.jpg'], 4.8, 24, 156, 60, 30, 'FD-B1X2', NULL),
  ('10000000-0000-0000-0000-000000000002', '00000000-0000-0000-0000-000000000002', 'Barra de Cócteles Artesanales', 'Servicio de barra con mixólogos profesionales. Cócteles personalizados para tu evento con ingredientes frescos y locales.', 'FOOD_DRINKS', 'active', 35.00, 'por persona', 30, 200, ARRAY['Ciudad de México', 'Estado de México', 'Puebla', 'Cuernavaca'], ARRAY['/placeholder-drinks-1.jpg'], 4.6, 18, 120, 30, 30, 'FD-C3Y4', NULL),
  ('10000000-0000-0000-0000-000000000003', '00000000-0000-0000-0000-000000000002', 'DJ + Sonido Profesional', 'Sistema de sonido profesional con DJ experimentado. Incluye luces básicas, micrófonos y equipo completo.', 'AUDIO', 'active', 1500.00, 'por evento', 1, 500, ARRAY['Ciudad de México', 'Estado de México', 'Puebla', 'Toluca', 'Cuernavaca'], ARRAY['/placeholder-audio-1.jpg'], 4.9, 32, 210, 60, 60, 'AU-D5Z6', 5),
  ('10000000-0000-0000-0000-000000000004', '00000000-0000-0000-0000-000000000002', 'Decoración Floral Elegante', 'Arreglos florales personalizados para tu evento. Centros de mesa, arcos decorativos y ambientación floral completa.', 'DECORATION', 'active', 25.00, 'por mesa', 5, 50, ARRAY['Ciudad de México', 'Estado de México'], ARRAY['/placeholder-deco-1.jpg', '/placeholder-deco-2.jpg'], 4.7, 15, 98, 0, 0, 'DE-E7A8', NULL),
  ('10000000-0000-0000-0000-000000000005', '00000000-0000-0000-0000-000000000002', 'Fotografía y Video 4K', 'Cobertura completa de tu evento con fotografía profesional y video en 4K. Incluye edición y entrega digital.', 'PHOTO_VIDEO', 'active', 2500.00, 'por evento', 1, 500, ARRAY['Ciudad de México', 'Estado de México', 'Puebla', 'Toluca', 'Cuernavaca', 'Querétaro'], ARRAY['/placeholder-photo-1.jpg'], 4.9, 28, 180, 30, 0, 'PV-F9B2', 6),
  ('10000000-0000-0000-0000-000000000006', '00000000-0000-0000-0000-000000000002', 'Meseros Profesionales', 'Personal de servicio capacitado y uniformado. Atención de primera para tus invitados.', 'STAFF', 'active', 150.00, 'por mesero', 2, 20, ARRAY['Ciudad de México', 'Estado de México', 'Puebla'], ARRAY['/placeholder-staff-1.jpg'], 4.5, 12, 75, 0, 0, 'ST-G3C4', NULL),
  ('10000000-0000-0000-0000-000000000007', '00000000-0000-0000-0000-000000000002', 'Mesas y Sillas Elegantes', 'Mobiliario premium para eventos. Mesas redondas, rectangulares, sillas Chiavari y más.', 'FURNITURE', 'active', 15.00, 'por persona', 20, 400, ARRAY['Ciudad de México', 'Estado de México', 'Puebla', 'Cuernavaca'], ARRAY['/placeholder-furniture-1.jpg'], 4.4, 8, 55, 0, 0, 'FU-H5D6', NULL),
  ('10000000-0000-0000-0000-000000000008', '00000000-0000-0000-0000-000000000002', 'Iluminación Ambiental LED', 'Transformamos tu evento con iluminación LED profesional. Incluye wash lights, uplights y efectos especiales.', 'DECORATION', 'active', 800.00, 'por evento', 1, 500, ARRAY['Ciudad de México', 'Estado de México', 'Puebla', 'Toluca'], ARRAY['/placeholder-lights-1.jpg'], 4.8, 20, 130, 0, 0, 'DE-K7E8', 4),
  ('10000000-0000-0000-0000-000000000009', '00000000-0000-0000-0000-000000000002', 'Tarima y Escenario', 'Montaje de tarima profesional para tu evento. Disponible en varios tamaños con accesorios.', 'FURNITURE', 'active', 1200.00, 'por evento', 1, 500, ARRAY['Ciudad de México', 'Estado de México'], ARRAY['/placeholder-stage-1.jpg'], 4.6, 10, 65, 0, 0, 'FU-L9F2', NULL),
  ('10000000-0000-0000-0000-000000000010', '00000000-0000-0000-0000-000000000002', 'Servicio de Food Truck', 'Food truck gourmet con menú personalizado. Comida fresca preparada en el momento.', 'FOOD_DRINKS', 'active', 2000.00, 'por evento', 30, 150, ARRAY['Ciudad de México', 'Estado de México', 'Puebla', 'Cuernavaca', 'Toluca'], ARRAY['/placeholder-truck-1.jpg'], 4.7, 14, 88, 0, 0, 'FD-M3G4', 4),
  ('10000000-0000-0000-0000-000000000011', '00000000-0000-0000-0000-000000000002', 'Photobooth 360°', 'Experiencia interactiva con photobooth 360° y props personalizados. Incluye impresión instantánea.', 'PHOTO_VIDEO', 'active', 1800.00, 'por evento', 1, 300, ARRAY['Ciudad de México', 'Estado de México', 'Puebla'], ARRAY['/placeholder-booth-1.jpg'], 4.8, 22, 145, 0, 0, 'PV-N5H6', 3),
  ('10000000-0000-0000-0000-000000000012', '00000000-0000-0000-0000-000000000002', 'Coordinador de Eventos', 'Coordinación profesional del día de tu evento. Manejo de proveedores, timeline y logística.', 'STAFF', 'active', 2000.00, 'por evento', 1, 500, ARRAY['Ciudad de México', 'Estado de México', 'Puebla', 'Toluca', 'Cuernavaca', 'Querétaro', 'Pachuca'], ARRAY['/placeholder-coordinator-1.jpg'], 5.0, 16, 110, 0, 0, 'ST-P7J8', 8);

-- Extras
INSERT INTO extras (id, service_id, name, description, price, price_type, max_quantity, sku, depends_on_guests, depends_on_hours) VALUES
  ('20000000-0000-0000-0000-000000000001', '10000000-0000-0000-0000-000000000001', 'Estación de Postres', 'Mesa de postres variados incluyendo flan, churros y más', 8.00, 'per_person', 1, 'FD-B1X2-EX1', true, false),
  ('20000000-0000-0000-0000-000000000002', '10000000-0000-0000-0000-000000000001', 'Barbacoa', 'Barbacoa de res preparada al estilo tradicional (rinde ~80 personas)', 350.00, 'fixed', 3, 'FD-B1X2-EX2', false, false),
  ('20000000-0000-0000-0000-000000000003', '10000000-0000-0000-0000-000000000002', 'Shot de Bienvenida', 'Shot personalizado para cada invitado al llegar', 5.00, 'per_person', 1, 'FD-C3Y4-EX1', true, false),
  ('20000000-0000-0000-0000-000000000004', '10000000-0000-0000-0000-000000000002', 'Hora Extra de Barra', 'Extensión del servicio de barra por 1 hora adicional', 500.00, 'fixed', 3, 'FD-C3Y4-EX2', false, true),
  ('20000000-0000-0000-0000-000000000005', '10000000-0000-0000-0000-000000000003', 'Hora Extra DJ', 'Hora adicional de servicio de DJ', 200.00, 'fixed', 4, 'AU-D5Z6-EX1', false, true),
  ('20000000-0000-0000-0000-000000000006', '10000000-0000-0000-0000-000000000003', 'Luces Robóticas', 'Set de luces robóticas inteligentes', 400.00, 'fixed', 2, 'AU-D5Z6-EX2', false, false),
  ('20000000-0000-0000-0000-000000000007', '10000000-0000-0000-0000-000000000003', 'Máquina de Humo', 'Efecto de humo bajo para primer baile o momentos especiales', 150.00, 'fixed', 1, 'AU-D5Z6-EX3', false, false),
  ('20000000-0000-0000-0000-000000000008', '10000000-0000-0000-0000-000000000005', 'Drone Footage', 'Tomas aéreas con drone profesional', 500.00, 'fixed', 1, 'PV-F9B2-EX1', false, false),
  ('20000000-0000-0000-0000-000000000009', '10000000-0000-0000-0000-000000000005', 'Same-Day Edit', 'Video editado el mismo día del evento', 800.00, 'fixed', 1, 'PV-F9B2-EX2', false, false),
  ('20000000-0000-0000-0000-000000000010', '10000000-0000-0000-0000-000000000005', 'Álbum Premium', 'Álbum fotográfico premium de 40 páginas', 350.00, 'fixed', 1, 'PV-F9B2-EX3', false, false);

-- Bookings
INSERT INTO bookings (id, service_id, client_id, provider_id, event_date, guest_count, base_total, extras_total, commission, total, selected_extras, notes, status, start_time, end_time, event_hours, start_datetime, end_datetime, effective_start, effective_end, billing_type_snapshot) VALUES
  ('30000000-0000-0000-0000-000000000001', '10000000-0000-0000-0000-000000000001', '00000000-0000-0000-0000-000000000001', '00000000-0000-0000-0000-000000000002', '2026-03-15', 100, 4500.00, 1150.00, 678.00, 6328.00, '[{"extra_id": "20000000-0000-0000-0000-000000000001", "name": "Estación de Postres", "quantity": 1, "price": 800.00}, {"extra_id": "20000000-0000-0000-0000-000000000002", "name": "Barbacoa", "quantity": 1, "price": 350.00}]', 'Boda de 100 personas', 'confirmed', '10:00', '14:00', 4, '2026-03-15T10:00:00Z', '2026-03-15T14:00:00Z', '2026-03-15T09:00:00Z', '2026-03-15T14:30:00Z', 'por persona'),
  ('30000000-0000-0000-0000-000000000002', '10000000-0000-0000-0000-000000000003', '00000000-0000-0000-0000-000000000001', '00000000-0000-0000-0000-000000000002', '2026-03-15', 1, 1500.00, 550.00, 246.00, 2296.00, '[{"extra_id": "20000000-0000-0000-0000-000000000005", "name": "Hora Extra DJ", "quantity": 1, "price": 200.00}, {"extra_id": "20000000-0000-0000-0000-000000000007", "name": "Máquina de Humo", "quantity": 1, "price": 150.00}, {"extra_id": "20000000-0000-0000-0000-000000000006", "name": "Luces Robóticas", "quantity": 1, "price": 200.00}]', NULL, 'confirmed', '10:00', '14:00', 4, '2026-03-15T10:00:00Z', '2026-03-15T14:00:00Z', '2026-03-15T09:00:00Z', '2026-03-15T15:00:00Z', 'por evento'),
  ('30000000-0000-0000-0000-000000000003', '10000000-0000-0000-0000-000000000005', '00000000-0000-0000-0000-000000000001', '00000000-0000-0000-0000-000000000002', '2026-04-20', 1, 2500.00, 1300.00, 456.00, 4256.00, '[{"extra_id": "20000000-0000-0000-0000-000000000008", "name": "Drone Footage", "quantity": 1, "price": 500.00}, {"extra_id": "20000000-0000-0000-0000-000000000009", "name": "Same-Day Edit", "quantity": 1, "price": 800.00}]', 'Boda completa con drone', 'pending', '10:00', '14:00', 4, '2026-04-20T10:00:00Z', '2026-04-20T14:00:00Z', '2026-04-20T09:30:00Z', '2026-04-20T14:00:00Z', 'por evento'),
  ('30000000-0000-0000-0000-000000000004', '10000000-0000-0000-0000-000000000004', '00000000-0000-0000-0000-000000000001', '00000000-0000-0000-0000-000000000002', '2026-05-10', 20, 500.00, 0, 60.00, 560.00, '[]', 'Decoración para fiesta de cumpleaños', 'pending', '10:00', '14:00', 4, '2026-05-10T10:00:00Z', '2026-05-10T14:00:00Z', '2026-05-10T10:00:00Z', '2026-05-10T14:00:00Z', 'por mesa'),
  ('30000000-0000-0000-0000-000000000005', '10000000-0000-0000-0000-000000000002', '00000000-0000-0000-0000-000000000001', '00000000-0000-0000-0000-000000000002', '2026-03-20', 80, 2800.00, 400.00, 384.00, 3584.00, '[{"extra_id": "20000000-0000-0000-0000-000000000003", "name": "Shot de Bienvenida", "quantity": 1, "price": 400.00}]', NULL, 'in_review', '10:00', '14:00', 4, '2026-03-20T10:00:00Z', '2026-03-20T14:00:00Z', '2026-03-20T09:30:00Z', '2026-03-20T14:30:00Z', 'por persona'),
  ('30000000-0000-0000-0000-000000000006', '10000000-0000-0000-0000-000000000006', '00000000-0000-0000-0000-000000000001', '00000000-0000-0000-0000-000000000002', '2026-06-01', 5, 750.00, 0, 90.00, 840.00, '[]', '5 meseros para evento corporativo', 'confirmed', '10:00', '14:00', 4, '2026-06-01T10:00:00Z', '2026-06-01T14:00:00Z', '2026-06-01T10:00:00Z', '2026-06-01T14:00:00Z', 'por mesero'),
  ('30000000-0000-0000-0000-000000000007', '10000000-0000-0000-0000-000000000011', '00000000-0000-0000-0000-000000000001', '00000000-0000-0000-0000-000000000002', '2026-02-28', 1, 1800.00, 0, 216.00, 2016.00, '[]', NULL, 'completed', '10:00', '14:00', 4, '2026-02-28T10:00:00Z', '2026-02-28T14:00:00Z', '2026-02-28T10:00:00Z', '2026-02-28T14:00:00Z', 'por evento'),
  ('30000000-0000-0000-0000-000000000008', '10000000-0000-0000-0000-000000000010', '00000000-0000-0000-0000-000000000001', '00000000-0000-0000-0000-000000000002', '2026-01-15', 60, 2000.00, 0, 240.00, 2240.00, '[]', 'Food truck para fiesta de año nuevo', 'completed', '10:00', '14:00', 4, '2026-01-15T10:00:00Z', '2026-01-15T14:00:00Z', '2026-01-15T10:00:00Z', '2026-01-15T14:00:00Z', 'por evento'),
  ('30000000-0000-0000-0000-000000000009', '10000000-0000-0000-0000-000000000007', '00000000-0000-0000-0000-000000000001', '00000000-0000-0000-0000-000000000002', '2026-04-10', 80, 1200.00, 0, 144.00, 1344.00, '[]', NULL, 'cancelled', '10:00', '14:00', 4, '2026-04-10T10:00:00Z', '2026-04-10T14:00:00Z', '2026-04-10T10:00:00Z', '2026-04-10T14:00:00Z', 'por persona'),
  ('30000000-0000-0000-0000-000000000010', '10000000-0000-0000-0000-000000000012', '00000000-0000-0000-0000-000000000001', '00000000-0000-0000-0000-000000000002', '2026-07-04', 1, 2000.00, 0, 240.00, 2240.00, '[]', 'Coordinación para boda grande', 'pending', '10:00', '14:00', 4, '2026-07-04T10:00:00Z', '2026-07-04T14:00:00Z', '2026-07-04T10:00:00Z', '2026-07-04T14:00:00Z', 'por evento');

-- Sub-bookings (derived from selected_extras in bookings)
INSERT INTO sub_bookings (id, booking_id, extra_id, sku, name, quantity, unit_price, price_type, subtotal) VALUES
  ('40000000-0000-0000-0000-000000000001', '30000000-0000-0000-0000-000000000001', '20000000-0000-0000-0000-000000000001', 'FD-B1X2-EX1', 'Estación de Postres', 1, 8.00, 'per_person', 800.00),
  ('40000000-0000-0000-0000-000000000002', '30000000-0000-0000-0000-000000000001', '20000000-0000-0000-0000-000000000002', 'FD-B1X2-EX2', 'Barbacoa', 1, 350.00, 'fixed', 350.00),
  ('40000000-0000-0000-0000-000000000003', '30000000-0000-0000-0000-000000000002', '20000000-0000-0000-0000-000000000005', 'AU-D5Z6-EX1', 'Hora Extra DJ', 1, 200.00, 'fixed', 200.00),
  ('40000000-0000-0000-0000-000000000004', '30000000-0000-0000-0000-000000000002', '20000000-0000-0000-0000-000000000007', 'AU-D5Z6-EX3', 'Máquina de Humo', 1, 150.00, 'fixed', 150.00),
  ('40000000-0000-0000-0000-000000000005', '30000000-0000-0000-0000-000000000002', '20000000-0000-0000-0000-000000000006', 'AU-D5Z6-EX2', 'Luces Robóticas', 1, 400.00, 'fixed', 200.00),
  ('40000000-0000-0000-0000-000000000006', '30000000-0000-0000-0000-000000000003', '20000000-0000-0000-0000-000000000008', 'PV-F9B2-EX1', 'Drone Footage', 1, 500.00, 'fixed', 500.00),
  ('40000000-0000-0000-0000-000000000007', '30000000-0000-0000-0000-000000000003', '20000000-0000-0000-0000-000000000009', 'PV-F9B2-EX2', 'Same-Day Edit', 1, 800.00, 'fixed', 800.00),
  ('40000000-0000-0000-0000-000000000008', '30000000-0000-0000-0000-000000000005', '20000000-0000-0000-0000-000000000003', 'FD-C3Y4-EX1', 'Shot de Bienvenida', 1, 5.00, 'per_person', 400.00);

-- Blocked Dates
INSERT INTO blocked_dates (service_id, blocked_date, reason) VALUES
  ('10000000-0000-0000-0000-000000000001', '2026-03-15', 'Reservado - Boda González'),
  ('10000000-0000-0000-0000-000000000001', '2026-12-24', 'No disponible - Navidad'),
  ('10000000-0000-0000-0000-000000000001', '2026-12-25', 'No disponible - Navidad'),
  ('10000000-0000-0000-0000-000000000001', '2026-12-31', 'No disponible - Año Nuevo'),
  ('10000000-0000-0000-0000-000000000003', '2026-03-15', 'Reservado - Boda González'),
  ('10000000-0000-0000-0000-000000000003', '2026-04-18', 'Mantenimiento de equipo'),
  ('10000000-0000-0000-0000-000000000005', '2026-04-20', 'Reservado - Sesión de boda'),
  ('10000000-0000-0000-0000-000000000005', '2026-05-01', 'Día libre');

-- Reviews
INSERT INTO reviews (service_id, client_id, booking_id, rating, comment) VALUES
  ('10000000-0000-0000-0000-000000000001', '00000000-0000-0000-0000-000000000001', '30000000-0000-0000-0000-000000000001', 5, 'Excelente comida y servicio. Los invitados quedaron encantados con el buffet mexicano.'),
  ('10000000-0000-0000-0000-000000000003', '00000000-0000-0000-0000-000000000001', '30000000-0000-0000-0000-000000000002', 5, 'El DJ fue increíble, mantuvo la fiesta toda la noche. Muy profesional.'),
  ('10000000-0000-0000-0000-000000000011', '00000000-0000-0000-0000-000000000001', '30000000-0000-0000-0000-000000000007', 5, 'El photobooth 360 fue el hit de la fiesta. Todos los invitados lo amaron.'),
  ('10000000-0000-0000-0000-000000000010', '00000000-0000-0000-0000-000000000001', '30000000-0000-0000-0000-000000000008', 4, 'Buena comida y concepto original. El food truck fue muy popular.');
